{"cameraMode":{"drawMode":0,"name":"Shaded","section":"Shading Mode"},"sceneLighting":true,"audioPlay":false,"sceneViewState":{"showFog":true,"showMaterialUpdate":false,"showSkybox":true,"showFlares":true,"showImageEffects":true,"showParticleSystems":true},"in2DMode":false,"pivot":{"x":-17.55362892150879,"y":1.767407774925232,"z":-1.5653011798858643},"rotation":{"x":-0.005861166398972273,"y":0.9941586852073669,"z":-0.07651087641716004,"w":-0.07620317488908768},"size":0.8498784899711609,"orthographic":false}