{"cameraMode":{"drawMode":0,"name":"Shaded","section":"Shading Mode"},"sceneLighting":false,"audioPlay":false,"sceneViewState":{"showFog":true,"showMaterialUpdate":false,"showSkybox":false,"showFlares":true,"showImageEffects":true,"showParticleSystems":true},"in2DMode":false,"pivot":{"x":-0.9894020557403565,"y":0.48748579621315,"z":0.5381309986114502},"rotation":{"x":-0.1623259335756302,"y":0.2435254156589508,"z":-0.041381221264600757,"w":-0.9553282856941223},"size":1.7625305652618409,"orthographic":false}