{"cameraMode":{"drawMode":0,"name":"Shaded","section":"Shading Mode"},"sceneLighting":false,"audioPlay":false,"sceneViewState":{"showFog":true,"showMaterialUpdate":false,"showSkybox":false,"showFlares":true,"showImageEffects":true,"showParticleSystems":true},"in2DMode":false,"pivot":{"x":-0.0899999737739563,"y":0.4764968454837799,"z":0.00240325927734375},"rotation":{"x":-0.3861120939254761,"y":0.4688173532485962,"z":-0.23892927169799806,"w":-0.7576730251312256},"size":7.310231685638428,"orthographic":false}